09-19-56;GF
09-46-56;MA
80-44-01;MA
09-46-56;GF
09-46-56;ATF
09-46-56;WTF
80-44-01;GF
80-44-01;ATF
80-44-01;WTF
09-67-56;MA
09-65-56;MA
09-64-56;MA
09-46-56;ATM
09-46-56;WTM
09-46-56;STF
09-46-56;STM
09-46-56;ME
09-67-56;GF
09-65-56;GF
80-44-01;ATM
80-44-01;WTM
80-44-01;STF
80-44-01;STM
09-19-56;MA
09-19-56;ATF
09-64-56;GF
09-64-56;ATF
09-64-56;ATM
09-64-56;WTF
09-64-56;WTM
80-44-01;ME
09-65-56;ME
09-19-56;ATM
09-19-56;WTF
09-19-56;WTM
09-19-56;STF
09-19-56;STM