01bsc8934-bbbb-0000-7777-89012345678,Marc,Vogt,56093,93,1980-11-04,male,marc.vogt,1093,,2026-04-28 13:41:58,Einsatzabteilung FF,,active,
01ri8934-1111-6666-7777-890123456789,Sebastian,Dietrich,56083,83,1975-01-05,male,sebastian.dietrich,1083,,2026-04-28 13:41:58,Einsatzabteilung FF,,active,
052d4e18-26b4-4c0c-9290-416e9e7bb6d5,Tim,Frank,56031,31,1977-07-31,male,tim.frank,1031,,2026-04-28 13:41:58,Einsatzabteilung FF,,active,
06a9f6d5-8a2f-4ec7-aa5e-c1a83e7cbc2b,Stefan,Kramer,56015,15,1977-03-15,male,stefan.kramer,1015,,2026-04-28 13:41:58,Einsatzabteilung FF,,active,
07118293-7777-aaaa-eeee-789012345601,Katrin,Wagner,56057,57,1989-09-30,female,katrin.wagner,1057,,2026-04-28 13:41:58,Einsatzabteilung FF,,active,
078h8934-7777-cccc-dddd-8901234567ef,Tim,Hahn,56073,73,1990-03-10,male,tim.hahn,1073,,2026-04-28 13:41:58,Einsatzabteilung FF,,active,
07a2a530-c201-4c04-b9e7-8278676ea632,Max,Mustermann,56001,1,1980-01-01,male,max.mustermann,1001,,2026-04-28 13:41:58,Einsatzabteilung FF,,active,
11d515ba-efb4-472a-89d6-820b234f0f6a,David,Maier,56029,29,1983-05-29,male,david.maier,1029,,2026-04-28 13:41:58,Einsatzabteilung FF,,active,
12ctd9045-cccc-1111-8888-90123456789,Hanna,Müller,56094,94,1989-12-11,female,hanna.mueller,1094,,2026-04-28 13:41:58,Einsatzabteilung FF,,active,
12sj9045-2222-7777-8888-901234567890,Julia,Falk,56084,84,1992-02-13,female,julia.falk,1084,,2026-04-28 13:41:58,Einsatzabteilung FF,,active,
143e28f5-a324-4cf2-ba7e-a4a9eabdb1ad,Jan,Herrmann,56027,27,1979-03-27,male,jan.herrmann,1027,,2026-04-28 13:41:58,Einsatzabteilung FF,,active,
182293a4-8888-bbbb-ffff-890123456712,Patrick,Zimmermann,56058,58,1979-10-21,male,patrick.zimmermann,1058,,2026-04-28 13:41:58,Einsatzabteilung FF,,active,
189i9045-8888-dddd-eeee-9012345678f0,Nina,Bender,56074,74,1986-04-18,female,nina.bender,1074,,2026-04-28 13:41:58,Einsatzabteilung FF,,active,
1f36d1aa-a322-49c3-89ea-98ae61c5e6c1,Paula,Klein,56034,34,1989-10-03,female,paula.klein,1034,,2026-04-28 13:41:58,Einsatzabteilung FF,,active,
1f776d97-8be9-41bc-8d11-4e40ff0e902d,Jonas,Fuchs,56041,41,1980-05-10,male,jonas.fuchs,1041,,2026-04-28 13:41:58,Einsatzabteilung FF,,active,
23due0156-dddd-2222-9999-01234567890,Kevin,Schmitt,56095,95,1987-01-17,male,kevin.schmitt,1095,,2026-04-28 13:41:58,Einsatzabteilung FF,,active,
23tk0156-3333-8888-9999-012345678901,Lukas,Hermann,56085,85,1990-03-17,male,lukas.hermann,1085,,2026-04-28 13:41:58,Einsatzabteilung FF,,active,
280e80b1-ab02-4039-8546-7b9cca408a3f,Niklas,Schröder,56035,35,1978-11-04,male,niklas.schroeder,1035,,2026-04-28 13:41:58,Einsatzabteilung FF,,active,
2917e590-4c06-4221-bae5-2a0d943980f8,Laura,Schwarz,56012,12,1991-12-12,female,laura.schwarz,1012,,2026-04-28 13:41:58,Einsatzabteilung FF,,active,
2933a4b5-9999-cccc-0000-901234567823,Anne,Becker,56059,59,1993-11-12,female,anne.becker,1059,,2026-04-28 13:41:58,Einsatzabteilung FF,,active,
29aj0156-9999-eeee-ffff-012345678901,Kevin,Schiller,56075,75,1983-05-25,male,kevin.schiller,1075,,2026-04-28 13:41:58,Einsatzabteilung FF,,active,
2adce8e9-3ee3-4303-b4aa-23dfb53e4af8,Julia,Koch,56008,8,1992-08-08,female,julia.koch,1008,,2026-04-28 13:41:58,Einsatzabteilung FF,,active,
2fc8a447-1a2e-408f-99da-b9cf17af7458,Emma,Hartmann,56024,24,1992-12-24,female,emma.hartmann,1024,,2026-04-28 13:41:58,Einsatzabteilung FF,,active,
34ul1267-4444-9999-0000-123456789012,Amelie,Gärtner,56086,86,1998-04-22,female,amelie.gaertner,1086,,2026-04-28 13:41:58,Einsatzabteilung FF,,active,
3594e183-54aa-4278-b3c6-07a24bdc2697,Moritz,Bergmann,56033,33,1981-09-02,male,moritz.bergmann,1033,,2026-04-28 13:41:58,Einsatzabteilung FF,,active,
37f952c0-4fde-4650-9032-377576ca9acb,Christian,Neumann,56011,11,1979-11-11,male,christian.neumann,1011,,2026-04-28 13:41:58,Einsatzabteilung FF,,active,
3a44b5c6-aaaa-dddd-1111-012345678934,Fabian,Schulz,56060,60,1982-12-07,male,fabian.schulz,1060,,2026-04-28 13:41:58,Einsatzabteilung FF,,active,
3abk1267-aaaa-ffff-0000-123456789012,Linda,Fischer,56076,76,1991-06-30,female,linda.fischer,1076,,2026-04-28 13:41:58,Einsatzabteilung FF,,active,
3d3cac78-13af-4a2e-84c1-dc2e6a83eeee,Lilli,Albrecht,56046,46,1990-10-15,female,lilli.albrecht,1046,,2026-04-28 13:41:58,Einsatzabteilung FF,,active,
444e9a02-745a-4723-90f2-722e399ef59f,Felix,Lehmann,56021,21,1980-09-21,male,felix.lehmann,1021,,2026-04-28 13:41:58,Einsatzabteilung FF,,active,
45vm2378-5555-aaaa-1111-234567890123,Philipp,Reich,56087,87,1984-05-28,male,philipp.reich,1087,,2026-04-28 13:41:58,Einsatzabteilung FF,,active,
4af598ee-8160-4107-b568-68ff7f84f990,Lisa,Wagner,56004,4,1990-04-04,female,lisa.wagner,1004,,2026-04-28 13:41:58,Einsatzabteilung FF,,active,
4b55c6d7-bbbb-eeee-2222-123456789045,Melanie,Weber,56061,61,1988-01-25,female,melanie.weber,1061,,2026-04-28 13:41:58,Einsatzabteilung FF,,active,
4bcl2378-bbbb-0000-1111-234567890123,Marco,Schulze,56077,77,1989-07-15,male,marco.schulze,1077,,2026-04-28 13:41:58,Einsatzabteilung FF,,active,
56wn3489-6666-bbbb-2222-345678901234,Sophie,Engel,56088,88,1995-06-09,female,sophie.engel,1088,,2026-04-28 13:41:58,Einsatzabteilung FF,,active,
5c66d7e8-cccc-ffff-3333-234567890156,Tobias,Fischer,56062,62,1976-02-14,male,tobias.fischer,1062,,2026-04-28 13:41:58,Einsatzabteilung FF,,active,
5cdm3489-cccc-1111-2222-345678901234,Sara,Neubauer,56078,78,1993-08-02,female,sara.neubauer,1078,,2026-04-28 13:41:58,Einsatzabteilung FF,,active,
63a16d7d-db4f-4e2c-977d-3c384b92b6fa,Elias,Werner,56049,49,1983-01-18,male,elias.werner,1049,,2026-04-28 13:41:58,Einsatzabteilung FF,,active,
67xo4590-7777-cccc-3333-456789012345,Patrick,Friedrich,56089,89,1976-07-19,male,patrick.friedrich,1089,,2026-04-28 13:41:58,Einsatzabteilung FF,,active,
68ca6960-1aad-494d-9a66-31bdb8a07a0f,Simon,Bauer,56023,23,1978-11-23,male,simon.bauer,1023,,2026-04-28 13:41:58,Einsatzabteilung FF,,active,
6d77e8f9-dddd-0000-4444-345678901267,Jana,Meyer,56063,63,1994-03-18,female,jana.meyer,1063,,2026-04-28 13:41:58,Einsatzabteilung FF,,active,
6dced0d5-e236-41eb-bbcb-49a93c4de081,Maja,Schmitt,56042,42,1988-06-11,female,maja.schmitt,1042,,2026-04-28 13:41:58,Einsatzabteilung FF,,active,
6den4590-dddd-2222-3333-456789012345,Daniel,Pohl,56079,79,1987-09-06,male,daniel.pohl,1079,,2026-04-28 13:41:58,Einsatzabteilung FF,,active,
73d3950b-3c82-4f5c-bafc-8e41efcd1166,Greta,Lange,56048,48,1993-12-17,female,greta.lange,1048,,2026-04-28 13:41:58,Einsatzabteilung FF,,active,
78yp5601-8888-dddd-4444-567890123456,Mina,Herzog,56090,90,1999-08-25,female,mina.herzog,1090,,2026-04-28 13:41:58,Jugendfeuerwehr,,active,
7e88f90a-eeee-1111-5555-456789012378,Marco,Klein,56064,64,1983-04-29,male,marco.klein,1064,,2026-04-28 13:41:58,Einsatzabteilung FF,,active,
7efo5601-eeee-3333-4444-567890123456,Miriam,Klein,56080,80,1994-10-12,female,miriam.klein,1080,,2026-04-28 13:41:58,Einsatzabteilung FF,,active,
85412c95-9ed2-4f6e-9359-431a0d3f9ebd,Michael,Schulz,56007,7,1978-07-07,male,michael.schulz,1007,,2026-04-28 13:41:58,Einsatzabteilung FF,,active,
87ab7ccf-796c-4efd-8f10-d1cd7132599f,Lucy,Schulte,56050,50,1987-02-19,female,lucy.schulte,1050,,2026-04-28 13:41:58,Einsatzabteilung FF,,active,
89zq6712-9999-eeee-5555-678901234567,Roland,Otto,56091,91,1958-09-30,male,roland.otto,1091,,2026-04-28 13:41:58,Altersabteilung,,active,
8e805e1e-6ff0-4959-abf3-85b2fc802f46,Lina,Huber,56040,40,1992-04-09,female,lina.huber,1040,,2026-04-28 13:41:58,Einsatzabteilung FF,,active,
8e9150db-cb95-4ba2-8ed2-efb27fb4e8b1,Thomas,Becker,56005,5,1982-05-05,male,thomas.becker,1005,,2026-04-28 13:41:58,Einsatzabteilung FF,,active,
8f99a01b-ffff-2222-6666-567890123489,Sabine,Koch,56065,65,1991-05-08,female,sabine.koch,1065,,2026-04-28 13:41:58,Einsatzabteilung FF,,active,
8fpg6712-ffff-4444-5555-678901234567,Felix,Brandt,56081,81,1982-11-20,male,felix.brandt,1081,,2026-04-28 13:41:58,Einsatzabteilung FF,,active,
901ab12c-0000-3333-7777-67890123459a,Oliver,Graf,56066,66,1978-06-17,male,oliver.graf,1066,,2026-04-28 13:41:58,Einsatzabteilung FF,,active,
902f3044-34ce-4ae9-bc52-2fe30c0f6734,Tobias,Weber,56019,19,1976-07-19,male,tobias.weber,1019,,2026-04-28 13:41:58,Einsatzabteilung FF,,active,
90arb7823-aaaa-ffff-6666-78901234567,Anna,Stolz,56092,92,1991-10-16,female,anna.stolz,1092,,2026-04-28 13:41:58,Einsatzabteilung FF,,active,
90qh7823-0000-5555-6666-789012345678,Laura,Kraus,56082,82,1996-12-27,female,laura.kraus,1082,,2026-04-28 13:41:58,Einsatzabteilung FF,,active,
91835ba5-7cf5-4388-8742-825db0460521,Luca,Peters,56043,43,1979-07-12,male,luca.peters,1043,,2026-04-28 13:41:58,Einsatzabteilung FF,,active,
96152a83-104d-4e4f-80c3-02c5cb671da5,Alexander,Schmitt,56017,17,1984-05-17,male,alexander.schmitt,1017,,2026-04-28 13:41:58,Einsatzabteilung FF,,active,
9669a89c-d0c9-4a9b-a3c5-c5fff8177163,Lea,Lang,56026,26,1990-02-26,female,lea.lang,1026,,2026-04-28 13:41:58,Einsatzabteilung FF,,active,
98cd9bd6-09bf-4e64-915a-96063271b437,Clara,Jung,56038,38,1986-02-07,female,clara.jung,1038,,2026-04-28 13:41:58,Einsatzabteilung FF,,active,
a11b2c3d-1111-4444-8888-1234567890ab,Janine,Blum,56051,51,1991-03-22,female,janine.blum,1051,,2026-04-28 13:41:58,Einsatzabteilung FF,,active,
a12bc23d-1111-4444-8888-7890123456ab,Petra,Hartmann,56067,67,1987-07-26,female,petra.hartmann,1067,,2026-04-28 13:41:58,Einsatzabteilung FF,,active,
a5bb430e-2a77-4fc6-8e14-8212690884a7,Noah,Roth,56045,45,1982-09-14,male,noah.roth,1045,,2026-04-28 13:41:58,Einsatzabteilung FF,,active,
a83b215d-0e8c-451e-a124-7d596445f36a,Ben,Günther,56047,47,1978-11-16,male,ben.guenther,1047,,2026-04-28 13:41:58,Einsatzabteilung FF,,active,
ae9b72da-bcd3-40f7-ac31-19f8b168c0b5,Anna,Schmidt,56002,2,1985-02-02,female,anna.schmidt,1002,,2026-04-28 13:41:58,Einsatzabteilung FF,,active,
b22c3d4e-2222-5555-9999-2345678901bc,Fabian,Schneider,56052,52,1984-04-10,male,fabian.schneider,1052,,2026-04-28 13:41:58,Einsatzabteilung FF,,active,
b23cd34e-2222-5555-9999-8901234567bc,Dennis,Wolf,56068,68,1980-08-04,male,dennis.wolf,1068,,2026-04-28 13:41:58,Einsatzabteilung FF,,active,
b30d69f9-dcdd-45e7-bbc9-4694c4a86edb,Daniel,Richter,56009,9,1983-09-09,male,daniel.richter,1009,,2026-04-28 13:41:58,Einsatzabteilung FF,,active,
b418b17e-813d-4d22-8566-7846e7ead3e3,Sophie,Meyer,56020,20,1994-08-20,female,sophie.meyer,1020,,2026-04-28 13:41:58,Einsatzabteilung FF,,active,
b53adffe-4975-45ff-a03e-f68e19d03187,Lukas,Krüger,56025,25,1982-01-25,male,lukas.krueger,1025,,2026-04-28 13:41:58,Einsatzabteilung FF,,active,
b69e29c0-aa98-46b9-9c61-9556cefc17d3,Anna,Schäfer,56032,32,1993-08-01,female,anna.schaefer,1032,,2026-04-28 13:41:58,Einsatzabteilung FF,,active,
b9a5cb4a-fa70-4276-a874-874a19d560ce,Sarah,Wolf,56010,10,1987-10-10,female,sarah.wolf,1010,,2026-04-28 13:41:58,Einsatzabteilung FF,,active,
bd3753bb-a688-4a37-b033-df3a54d2ae58,Nina,Braun,56014,14,1989-02-14,female,nina.braun,1014,,2026-04-28 13:41:58,Einsatzabteilung FF,,active,
bd4385ca-0dea-4ba0-9e41-8686fe91056d,Melanie,Vogel,56016,16,1993-04-16,female,melanie.vogel,1016,,2026-04-28 13:41:58,Einsatzabteilung FF,,active,
bf4714b3-cfcb-4782-b6b3-13753a030344,Markus,Zimmermann,56013,13,1981-01-13,male,markus.zimmermann,1013,,2026-04-28 13:41:58,Einsatzabteilung FF,,active,
c33d4e5f-3333-6666-aaaa-3456789012cd,Anja,Richter,56053,53,1990-05-05,female,anja.richter,1053,,2026-04-28 13:41:58,Einsatzabteilung FF,,active,
c34de45f-3333-6666-aaaa-9012345678cd,Claudia,Schwarz,56069,69,1992-09-15,female,claudia.schwarz,1069,,2026-04-28 13:41:58,Einsatzabteilung FF,,active,
c65b3343-e4f0-43e1-8575-1c38e5549386,Emily,Wolf,56036,36,1994-12-05,female,emily.wolf,1036,,2026-04-28 13:41:58,Einsatzabteilung FF,,active,
ca3a6c54-fb42-4be7-a39e-906b274c91ad,Ella,König,56044,44,1991-08-13,female,ella.koenig,1044,,2026-04-28 13:41:58,Einsatzabteilung FF,,active,
d44e5f60-4444-7777-bbbb-4567890123de,Martin,Neumann,56054,54,1977-06-16,male,martin.neumann,1054,,2026-04-28 13:41:58,Einsatzabteilung FF,,active,
d45ef560-4444-7777-bbbb-0123456789de,Michael,Jung,56070,70,1985-10-23,male,michael.jung,1070,,2026-04-28 13:41:58,Einsatzabteilung FF,,active,
d4e03bf9-070f-4993-ac8e-86a806b03dfc,Leon,Krause,56039,39,1976-03-08,male,leon.krause,1039,,2026-04-28 13:41:58,Einsatzabteilung FF,,active,
d5a4196b-c170-4085-8491-57fe27fd1a42,Mia,Walter,56028,28,1991-04-28,female,mia.walter,1028,,2026-04-28 13:41:58,Einsatzabteilung FF,,active,
d7b2f88e-3a80-43a1-8112-7697071d87a2,Hannah,Schneider,56022,22,1988-10-22,female,hannah.schneider,1022,,2026-04-28 13:41:58,Einsatzabteilung FF,,active,
e01acdb7-36a7-4c26-8009-4a72e3143ec8,Lena,Beck,56030,30,1987-06-30,female,lena.beck,1030,,2026-04-28 13:41:58,Einsatzabteilung FF,,active,
e5481491-1445-4af8-bf56-c7aeeff3cde0,Finn,Graf,56037,37,1984-01-06,male,finn.graf,1037,,2026-04-28 13:41:58,Einsatzabteilung FF,,active,
e55f6071-5555-8888-cccc-5678901234ef,Lena,Bauer,56055,55,1992-07-28,female,lena.bauer,1055,,2026-04-28 13:41:58,Einsatzabteilung FF,,active,
e56f6712-5555-aaaa-bbbb-6789012345cd,Jonas,Baumann,56071,71,1995-01-14,male,jonas.baumann,1071,,2026-04-28 13:41:58,Einsatzabteilung FF,,active,
e7637832-e0d4-4d90-81ca-33e6225b9dc3,Katharina,Fischer,56018,18,1986-06-18,female,katharina.fischer,1018,,2026-04-28 13:41:58,Einsatzabteilung FF,,active,
e85dcc7f-963b-4c98-ae93-1930b01c6ced,Peter,Müller,56003,3,1975-03-03,male,peter.mueller,1003,,2026-04-28 13:41:58,Einsatzabteilung FF,,active,
f581adcb-09a5-4ed9-82f5-b3f8551cae3b,Maria,Hoffmann,56006,6,1988-06-06,female,maria.hoffmann,1006,,2026-04-28 13:41:58,Einsatzabteilung FF,,active,
f6607182-6666-9999-dddd-6789012345f0,Sven,Hoffmann,56056,56,1981-08-19,male,sven.hoffmann,1056,,2026-04-28 13:41:58,Einsatzabteilung FF,,active,
f67g7823-6666-bbbb-cccc-7890123456de,Leonie,Weiß,56072,72,1997-02-21,female,leonie.weiss,1072,,2026-04-28 13:41:58,Einsatzabteilung FF,,active,
