00329279-693a-11f0-89a9-0050564c5b43,3063752d-12f1-11f0-9250-0050564c5b43,89zq6712-9999-eeee-5555-678901234567,2025-07-25 09:30:29,1,,7eae20a3-d233-11f0-8ce9-0050564c5b43
05c8b6bd-a35c-11f0-818f-0050564c5b43,30636bb0-12f1-11f0-9250-0050564c5b43,11d515ba-efb4-472a-89d6-820b234f0f6a,2025-10-07 09:00:07,1,2025-10-24,7eae20a3-d233-11f0-8ce9-0050564c5b43
0bd7e3cc-a35c-11f0-818f-0050564c5b43,30636bb0-12f1-11f0-9250-0050564c5b43,11d515ba-efb4-472a-89d6-820b234f0f6a,2025-10-07 09:00:17,1,2025-10-20,7eae20a3-d233-11f0-8ce9-0050564c5b43
0dd02c78-693a-11f0-89a9-0050564c5b43,3063752d-12f1-11f0-9250-0050564c5b43,23tk0156-3333-8888-9999-012345678901,2025-07-25 09:30:52,1,,7eae20a3-d233-11f0-8ce9-0050564c5b43
132d8bbf-a35d-11f0-818f-0050564c5b43,30636bb0-12f1-11f0-9250-0050564c5b43,11d515ba-efb4-472a-89d6-820b234f0f6a,2025-10-07 09:07:39,1,2025-10-24,7eae20a3-d233-11f0-8ce9-0050564c5b43
17a960f9-a35d-11f0-818f-0050564c5b43,30636bb0-12f1-11f0-9250-0050564c5b43,11d515ba-efb4-472a-89d6-820b234f0f6a,2025-10-07 09:07:47,1,2025-10-23,7eae20a3-d233-11f0-8ce9-0050564c5b43
1bf341b4-a35d-11f0-818f-0050564c5b43,30636bb0-12f1-11f0-9250-0050564c5b43,11d515ba-efb4-472a-89d6-820b234f0f6a,2025-10-07 09:07:54,1,2025-10-28,7eae20a3-d233-11f0-8ce9-0050564c5b43
1f63b662-a35d-11f0-818f-0050564c5b43,30636bb0-12f1-11f0-9250-0050564c5b43,11d515ba-efb4-472a-89d6-820b234f0f6a,2025-10-07 09:08:00,1,,7eae20a3-d233-11f0-8ce9-0050564c5b43
21c71bf9-941a-11f0-93be-0050564c5b43,3063752d-12f1-11f0-9250-0050564c5b43,3d3cac78-13af-4a2e-84c1-dc2e6a83eeee,2025-09-17 23:00:40,0,,7eae20a3-d233-11f0-8ce9-0050564c5b43
297509a3-a35c-11f0-818f-0050564c5b43,30636bb0-12f1-11f0-9250-0050564c5b43,11d515ba-efb4-472a-89d6-820b234f0f6a,2025-10-07 09:01:07,1,2025-10-15,7eae20a3-d233-11f0-8ce9-0050564c5b43
2fa610ce-a35c-11f0-818f-0050564c5b43,30636bb0-12f1-11f0-9250-0050564c5b43,11d515ba-efb4-472a-89d6-820b234f0f6a,2025-10-07 09:01:17,1,2025-10-21,7eae20a3-d233-11f0-8ce9-0050564c5b43
2fd16a5d-fb67-11f0-9c6b-0050564c5b43,30636bb0-12f1-11f0-9250-0050564c5b43,d45ef560-4444-7777-bbbb-0123456789de,2026-01-27 10:01:45,1,,7eae20a3-d233-11f0-8ce9-0050564c5b43
332b1259-a352-11f0-818f-0050564c5b43,306375dc-12f1-11f0-9250-0050564c5b43,11d515ba-efb4-472a-89d6-820b234f0f6a,2025-10-07 07:49:48,1,2025-10-23,7eae20a3-d233-11f0-8ce9-0050564c5b43
38425fb4-a352-11f0-818f-0050564c5b43,306375dc-12f1-11f0-9250-0050564c5b43,11d515ba-efb4-472a-89d6-820b234f0f6a,2025-10-07 07:49:57,1,2025-10-23,7eae20a3-d233-11f0-8ce9-0050564c5b43
460fdbb8-831d-11f0-93be-0050564c5b43,30637292-12f1-11f0-9250-0050564c5b43,a11b2c3d-1111-4444-8888-1234567890ab,2025-08-27 08:10:20,1,,7eae20a3-d233-11f0-8ce9-0050564c5b43
46d180cb-a35e-11f0-818f-0050564c5b43,30636bb0-12f1-11f0-9250-0050564c5b43,11d515ba-efb4-472a-89d6-820b234f0f6a,2025-10-07 09:16:15,1,,7eae20a3-d233-11f0-8ce9-0050564c5b43
47eb8872-a352-11f0-818f-0050564c5b43,306375dc-12f1-11f0-9250-0050564c5b43,11d515ba-efb4-472a-89d6-820b234f0f6a,2025-10-07 07:50:23,0,,7eae20a3-d233-11f0-8ce9-0050564c5b43
4bb85f41-9416-11f0-93be-0050564c5b43,3063752d-12f1-11f0-9250-0050564c5b43,3d3cac78-13af-4a2e-84c1-dc2e6a83eeee,2025-09-17 22:33:12,1,,7eae20a3-d233-11f0-8ce9-0050564c5b43
4fd88054-17e4-11f0-9250-0050564c5b43,30636bb0-12f1-11f0-9250-0050564c5b43,3d3cac78-13af-4a2e-84c1-dc2e6a83eeee,2024-01-01 00:00:00,1,,7eae20a3-d233-11f0-8ce9-0050564c5b43
508b6bbd-a872-11f0-be7f-0050564c5b43,30637292-12f1-11f0-9250-0050564c5b43,3d3cac78-13af-4a2e-84c1-dc2e6a83eeee,2025-10-13 20:22:17,1,,7eae20a3-d233-11f0-8ce9-0050564c5b43
53075fd2-a56b-11f0-818f-0050564c5b43,30637292-12f1-11f0-9250-0050564c5b43,3d3cac78-13af-4a2e-84c1-dc2e6a83eeee,2025-10-09 23:54:42,1,,7eae20a3-d233-11f0-8ce9-0050564c5b43
548bb663-a354-11f0-818f-0050564c5b43,30636bb0-12f1-11f0-9250-0050564c5b43,11d515ba-efb4-472a-89d6-820b234f0f6a,2025-10-07 08:05:03,1,2025-10-07,7eae20a3-d233-11f0-8ce9-0050564c5b43
56603001-9a1b-11f0-818f-0050564c5b43,306375dc-12f1-11f0-9250-0050564c5b43,6den4590-dddd-2222-3333-456789012345,2025-09-25 14:24:25,1,,7eae20a3-d233-11f0-8ce9-0050564c5b43
59f964cb-a56b-11f0-818f-0050564c5b43,30637292-12f1-11f0-9250-0050564c5b43,3d3cac78-13af-4a2e-84c1-dc2e6a83eeee,2025-10-09 23:54:53,1,2025-10-23,7eae20a3-d233-11f0-8ce9-0050564c5b43
5cb0a548-a56b-11f0-818f-0050564c5b43,30637292-12f1-11f0-9250-0050564c5b43,3d3cac78-13af-4a2e-84c1-dc2e6a83eeee,2025-10-09 23:54:58,1,,7eae20a3-d233-11f0-8ce9-0050564c5b43
5e31174e-a56b-11f0-818f-0050564c5b43,30637292-12f1-11f0-9250-0050564c5b43,3d3cac78-13af-4a2e-84c1-dc2e6a83eeee,2025-10-09 23:55:00,0,,7eae20a3-d233-11f0-8ce9-0050564c5b43
63363f33-a35b-11f0-818f-0050564c5b43,30636bb0-12f1-11f0-9250-0050564c5b43,11d515ba-efb4-472a-89d6-820b234f0f6a,2025-10-07 08:55:34,1,2025-10-14,7eae20a3-d233-11f0-8ce9-0050564c5b43
64b07265-ca3b-11f0-8ce9-0050564c5b43,30637292-12f1-11f0-9250-0050564c5b43,90qh7823-0000-5555-6666-789012345678,2025-11-25 20:14:48,1,,7eae20a3-d233-11f0-8ce9-0050564c5b43
6935e8d9-4a0f-11f1-a314-0aebdec00372,30636bb0-12f1-11f0-9250-0050564c5b43,3594e183-54aa-4278-b3c6-07a24bdc2697,2026-05-24 09:44:37,1,,7eae20a3-d233-11f0-8ce9-0050564c5b43
693a3297-4a0f-11f1-a314-0aebdec00372,30636bb0-12f1-11f0-9250-0050564c5b43,444e9a02-745a-4723-90f2-722e399ef59f,2026-05-24 09:44:37,1,,7eae20a3-d233-11f0-8ce9-0050564c5b43
693a33b7-4a0f-11f1-a314-0aebdec00372,30636bb0-12f1-11f0-9250-0050564c5b43,90qh7823-0000-5555-6666-789012345678,2026-05-24 09:44:37,1,,7eae20a3-d233-11f0-8ce9-0050564c5b43
693a5c57-4a0f-11f1-a314-0aebdec00372,30636bb0-12f1-11f0-9250-0050564c5b43,01ri8934-1111-6666-7777-890123456789,2026-05-24 09:44:37,1,,7eae20a3-d233-11f0-8ce9-0050564c5b43
69762c09-083a-11f1-9c6b-0050564c5b43,3063750b-12f1-11f0-9250-0050564c5b43,a11b2c3d-1111-4444-8888-1234567890ab,2026-02-12 17:43:59,1,,7eae20a3-d233-11f0-8ce9-0050564c5b43
69c956de-a35b-11f0-818f-0050564c5b43,30636bb0-12f1-11f0-9250-0050564c5b43,11d515ba-efb4-472a-89d6-820b234f0f6a,2025-10-07 08:55:46,1,2025-10-15,7eae20a3-d233-11f0-8ce9-0050564c5b43
707022ef-9464-11f0-879b-0050564c5b43,3063752d-12f1-11f0-9250-0050564c5b43,3d3cac78-13af-4a2e-84c1-dc2e6a83eeee,2025-09-18 07:52:35,1,,7eae20a3-d233-11f0-8ce9-0050564c5b43
74e95123-a357-11f0-818f-0050564c5b43,30636bb0-12f1-11f0-9250-0050564c5b43,11d515ba-efb4-472a-89d6-820b234f0f6a,2025-10-07 08:27:26,1,,7eae20a3-d233-11f0-8ce9-0050564c5b43
7909a0b0-425c-11f1-9c6b-0050564c5b43,3063750b-12f1-11f0-9250-0050564c5b43,90qh7823-0000-5555-6666-789012345678,2026-04-27 17:13:55,1,,7eae20a3-d233-11f0-8ce9-0050564c5b43
79c6726e-a35c-11f0-818f-0050564c5b43,30636bb0-12f1-11f0-9250-0050564c5b43,11d515ba-efb4-472a-89d6-820b234f0f6a,2025-10-07 09:03:22,1,2025-10-21,7eae20a3-d233-11f0-8ce9-0050564c5b43
7a7c70ae-a357-11f0-818f-0050564c5b43,30636bb0-12f1-11f0-9250-0050564c5b43,11d515ba-efb4-472a-89d6-820b234f0f6a,2025-10-07 08:27:36,1,2025-10-14,7eae20a3-d233-11f0-8ce9-0050564c5b43
80361d5c-a35c-11f0-818f-0050564c5b43,30636bb0-12f1-11f0-9250-0050564c5b43,11d515ba-efb4-472a-89d6-820b234f0f6a,2025-10-07 09:03:33,1,2025-10-14,7eae20a3-d233-11f0-8ce9-0050564c5b43
8344d034-a35c-11f0-818f-0050564c5b43,30636bb0-12f1-11f0-9250-0050564c5b43,11d515ba-efb4-472a-89d6-820b234f0f6a,2025-10-07 09:03:38,1,2025-10-15,7eae20a3-d233-11f0-8ce9-0050564c5b43
8eae4f1f-12f7-11f0-9250-0050564c5b43,30636bb0-12f1-11f0-9250-0050564c5b43,07118293-7777-aaaa-eeee-789012345601,2024-01-01 00:00:00,1,,7eae20a3-d233-11f0-8ce9-0050564c5b43
8eb83001-12f7-11f0-9250-0050564c5b43,30636bb0-12f1-11f0-9250-0050564c5b43,a12bc23d-1111-4444-8888-7890123456ab,2024-01-01 00:00:00,1,,7eae20a3-d233-11f0-8ce9-0050564c5b43
8ec771a9-12f7-11f0-9250-0050564c5b43,30636bb0-12f1-11f0-9250-0050564c5b43,8f99a01b-ffff-2222-6666-567890123489,2024-01-01 00:00:00,1,,7eae20a3-d233-11f0-8ce9-0050564c5b43
8ed65bdb-12f7-11f0-9250-0050564c5b43,30636bb0-12f1-11f0-9250-0050564c5b43,d44e5f60-4444-7777-bbbb-4567890123de,2024-01-01 00:00:00,1,,7eae20a3-d233-11f0-8ce9-0050564c5b43
8ee54bbb-12f7-11f0-9250-0050564c5b43,30636bb0-12f1-11f0-9250-0050564c5b43,34ul1267-4444-9999-0000-123456789012,2024-01-01 00:00:00,1,,7eae20a3-d233-11f0-8ce9-0050564c5b43
8ef412aa-12f7-11f0-9250-0050564c5b43,30636bb0-12f1-11f0-9250-0050564c5b43,96152a83-104d-4e4f-80c3-02c5cb671da5,2024-01-01 00:00:00,1,,7eae20a3-d233-11f0-8ce9-0050564c5b43
8f02a502-12f7-11f0-9250-0050564c5b43,30636bb0-12f1-11f0-9250-0050564c5b43,11d515ba-efb4-472a-89d6-820b234f0f6a,2024-01-01 00:00:00,1,,7eae20a3-d233-11f0-8ce9-0050564c5b43
8f114852-12f7-11f0-9250-0050564c5b43,30636bb0-12f1-11f0-9250-0050564c5b43,c65b3343-e4f0-43e1-8575-1c38e5549386,2024-01-01 00:00:00,1,,7eae20a3-d233-11f0-8ce9-0050564c5b43
8f2fe004-12f7-11f0-9250-0050564c5b43,30636bb0-12f1-11f0-9250-0050564c5b43,56wn3489-6666-bbbb-2222-345678901234,2024-01-01 00:00:00,1,,7eae20a3-d233-11f0-8ce9-0050564c5b43
8f3e8cdb-12f7-11f0-9250-0050564c5b43,30636bb0-12f1-11f0-9250-0050564c5b43,ca3a6c54-fb42-4be7-a39e-906b274c91ad,2024-01-01 00:00:00,1,,7eae20a3-d233-11f0-8ce9-0050564c5b43
8f4d0eca-12f7-11f0-9250-0050564c5b43,30636bb0-12f1-11f0-9250-0050564c5b43,3a44b5c6-aaaa-dddd-1111-012345678934,2024-01-01 00:00:00,1,,7eae20a3-d233-11f0-8ce9-0050564c5b43
8f5bbc0d-12f7-11f0-9250-0050564c5b43,30636bb0-12f1-11f0-9250-0050564c5b43,3594e183-54aa-4278-b3c6-07a24bdc2697,2024-01-01 00:00:00,1,,7eae20a3-d233-11f0-8ce9-0050564c5b43
8f6a5771-12f7-11f0-9250-0050564c5b43,30636bb0-12f1-11f0-9250-0050564c5b43,6den4590-dddd-2222-3333-456789012345,2024-01-01 00:00:00,1,,7eae20a3-d233-11f0-8ce9-0050564c5b43
8f790152-12f7-11f0-9250-0050564c5b43,30636bb0-12f1-11f0-9250-0050564c5b43,8fpg6712-ffff-4444-5555-678901234567,2024-01-01 00:00:00,1,,7eae20a3-d233-11f0-8ce9-0050564c5b43
8f87b0dc-12f7-11f0-9250-0050564c5b43,30636bb0-12f1-11f0-9250-0050564c5b43,2fc8a447-1a2e-408f-99da-b9cf17af7458,2024-01-01 00:00:00,1,,7eae20a3-d233-11f0-8ce9-0050564c5b43
8f965192-12f7-11f0-9250-0050564c5b43,30636bb0-12f1-11f0-9250-0050564c5b43,bd3753bb-a688-4a37-b033-df3a54d2ae58,2024-01-01 00:00:00,1,,7eae20a3-d233-11f0-8ce9-0050564c5b43
8fa370a1-12f7-11f0-9250-0050564c5b43,30636bb0-12f1-11f0-9250-0050564c5b43,5cdm3489-cccc-1111-2222-345678901234,2024-01-01 00:00:00,1,,7eae20a3-d233-11f0-8ce9-0050564c5b43
8fb9e1f4-12f7-11f0-9250-0050564c5b43,30636bb0-12f1-11f0-9250-0050564c5b43,3d3cac78-13af-4a2e-84c1-dc2e6a83eeee,2024-01-01 00:00:00,1,,7eae20a3-d233-11f0-8ce9-0050564c5b43
8fc90275-12f7-11f0-9250-0050564c5b43,30636bb0-12f1-11f0-9250-0050564c5b43,23tk0156-3333-8888-9999-012345678901,2024-01-01 00:00:00,1,,7eae20a3-d233-11f0-8ce9-0050564c5b43
8fd7a026-12f7-11f0-9250-0050564c5b43,30636bb0-12f1-11f0-9250-0050564c5b43,63a16d7d-db4f-4e2c-977d-3c384b92b6fa,2024-01-01 00:00:00,1,,7eae20a3-d233-11f0-8ce9-0050564c5b43
8fe62c1a-12f7-11f0-9250-0050564c5b43,30636bb0-12f1-11f0-9250-0050564c5b43,73d3950b-3c82-4f5c-bafc-8e41efcd1166,2024-01-01 00:00:00,1,,7eae20a3-d233-11f0-8ce9-0050564c5b43
8ffcd8f1-12f7-11f0-9250-0050564c5b43,30636bb0-12f1-11f0-9250-0050564c5b43,b53adffe-4975-45ff-a03e-f68e19d03187,2024-01-01 00:00:00,1,,7eae20a3-d233-11f0-8ce9-0050564c5b43
900b7f1a-12f7-11f0-9250-0050564c5b43,30636bb0-12f1-11f0-9250-0050564c5b43,182293a4-8888-bbbb-ffff-890123456712,2024-01-01 00:00:00,1,,7eae20a3-d233-11f0-8ce9-0050564c5b43
901ac414-12f7-11f0-9250-0050564c5b43,30636bb0-12f1-11f0-9250-0050564c5b43,a11b2c3d-1111-4444-8888-1234567890ab,2024-01-01 00:00:00,1,,7eae20a3-d233-11f0-8ce9-0050564c5b43
902a0bad-12f7-11f0-9250-0050564c5b43,30636bb0-12f1-11f0-9250-0050564c5b43,2adce8e9-3ee3-4303-b4aa-23dfb53e4af8,2024-01-01 00:00:00,1,,7eae20a3-d233-11f0-8ce9-0050564c5b43
9038af35-12f7-11f0-9250-0050564c5b43,30636bb0-12f1-11f0-9250-0050564c5b43,89zq6712-9999-eeee-5555-678901234567,2024-01-01 00:00:00,1,,7eae20a3-d233-11f0-8ce9-0050564c5b43
9047a6a3-12f7-11f0-9250-0050564c5b43,30636bb0-12f1-11f0-9250-0050564c5b43,280e80b1-ab02-4039-8546-7b9cca408a3f,2024-01-01 00:00:00,1,,7eae20a3-d233-11f0-8ce9-0050564c5b43
90654cd8-12f7-11f0-9250-0050564c5b43,30636bb0-12f1-11f0-9250-0050564c5b43,b69e29c0-aa98-46b9-9c61-9556cefc17d3,2024-01-01 00:00:00,1,,7eae20a3-d233-11f0-8ce9-0050564c5b43
908ff1f6-12f7-11f0-9250-0050564c5b43,30636bb0-12f1-11f0-9250-0050564c5b43,90qh7823-0000-5555-6666-789012345678,2024-01-01 00:00:00,1,,7eae20a3-d233-11f0-8ce9-0050564c5b43
90ad5162-12f7-11f0-9250-0050564c5b43,30636bb0-12f1-11f0-9250-0050564c5b43,98cd9bd6-09bf-4e64-915a-96063271b437,2024-01-01 00:00:00,1,,7eae20a3-d233-11f0-8ce9-0050564c5b43
90bbdd21-12f7-11f0-9250-0050564c5b43,30636bb0-12f1-11f0-9250-0050564c5b43,b23cd34e-2222-5555-9999-8901234567bc,2024-01-01 00:00:00,1,,7eae20a3-d233-11f0-8ce9-0050564c5b43
913ada5e-12f7-11f0-9250-0050564c5b43,30637292-12f1-11f0-9250-0050564c5b43,5c66d7e8-cccc-ffff-3333-234567890156,2024-01-01 00:00:00,1,,7eae20a3-d233-11f0-8ce9-0050564c5b43
914976d6-12f7-11f0-9250-0050564c5b43,30637292-12f1-11f0-9250-0050564c5b43,07118293-7777-aaaa-eeee-789012345601,2024-01-01 00:00:00,1,,7eae20a3-d233-11f0-8ce9-0050564c5b43
915935b0-12f7-11f0-9250-0050564c5b43,30637292-12f1-11f0-9250-0050564c5b43,a12bc23d-1111-4444-8888-7890123456ab,2024-01-01 00:00:00,1,,7eae20a3-d233-11f0-8ce9-0050564c5b43
91680c7e-12f7-11f0-9250-0050564c5b43,30637292-12f1-11f0-9250-0050564c5b43,8f99a01b-ffff-2222-6666-567890123489,2024-01-01 00:00:00,1,,7eae20a3-d233-11f0-8ce9-0050564c5b43
9176a401-12f7-11f0-9250-0050564c5b43,30637292-12f1-11f0-9250-0050564c5b43,d44e5f60-4444-7777-bbbb-4567890123de,2024-01-01 00:00:00,1,,7eae20a3-d233-11f0-8ce9-0050564c5b43
91836bbf-12f7-11f0-9250-0050564c5b43,30637292-12f1-11f0-9250-0050564c5b43,34ul1267-4444-9999-0000-123456789012,2024-01-01 00:00:00,1,,7eae20a3-d233-11f0-8ce9-0050564c5b43
91921a05-12f7-11f0-9250-0050564c5b43,30637292-12f1-11f0-9250-0050564c5b43,6dced0d5-e236-41eb-bbcb-49a93c4de081,2024-01-01 00:00:00,1,,7eae20a3-d233-11f0-8ce9-0050564c5b43
919ee00b-12f7-11f0-9250-0050564c5b43,30637292-12f1-11f0-9250-0050564c5b43,96152a83-104d-4e4f-80c3-02c5cb671da5,2024-01-01 00:00:00,1,,7eae20a3-d233-11f0-8ce9-0050564c5b43
91ada50a-12f7-11f0-9250-0050564c5b43,30637292-12f1-11f0-9250-0050564c5b43,56wn3489-6666-bbbb-2222-345678901234,2024-01-01 00:00:00,1,,7eae20a3-d233-11f0-8ce9-0050564c5b43
91b990d7-12f7-11f0-9250-0050564c5b43,30637292-12f1-11f0-9250-0050564c5b43,01ri8934-1111-6666-7777-890123456789,2024-01-01 00:00:00,1,,7eae20a3-d233-11f0-8ce9-0050564c5b43
91c744be-12f7-11f0-9250-0050564c5b43,30637292-12f1-11f0-9250-0050564c5b43,6d77e8f9-dddd-0000-4444-345678901267,2024-01-01 00:00:00,1,,7eae20a3-d233-11f0-8ce9-0050564c5b43
91d5d268-12f7-11f0-9250-0050564c5b43,30637292-12f1-11f0-9250-0050564c5b43,ca3a6c54-fb42-4be7-a39e-906b274c91ad,2024-01-01 00:00:00,1,,7eae20a3-d233-11f0-8ce9-0050564c5b43
91e47458-12f7-11f0-9250-0050564c5b43,30637292-12f1-11f0-9250-0050564c5b43,3a44b5c6-aaaa-dddd-1111-012345678934,2024-01-01 00:00:00,1,,7eae20a3-d233-11f0-8ce9-0050564c5b43
91f3d1c4-12f7-11f0-9250-0050564c5b43,30637292-12f1-11f0-9250-0050564c5b43,3594e183-54aa-4278-b3c6-07a24bdc2697,2024-01-01 00:00:00,1,,7eae20a3-d233-11f0-8ce9-0050564c5b43
92026f79-12f7-11f0-9250-0050564c5b43,30637292-12f1-11f0-9250-0050564c5b43,6den4590-dddd-2222-3333-456789012345,2024-01-01 00:00:00,1,,7eae20a3-d233-11f0-8ce9-0050564c5b43
92111d4e-12f7-11f0-9250-0050564c5b43,30637292-12f1-11f0-9250-0050564c5b43,8fpg6712-ffff-4444-5555-678901234567,2024-01-01 00:00:00,1,,7eae20a3-d233-11f0-8ce9-0050564c5b43
921fbcd1-12f7-11f0-9250-0050564c5b43,30637292-12f1-11f0-9250-0050564c5b43,2fc8a447-1a2e-408f-99da-b9cf17af7458,2024-01-01 00:00:00,1,,7eae20a3-d233-11f0-8ce9-0050564c5b43
922e548a-12f7-11f0-9250-0050564c5b43,30637292-12f1-11f0-9250-0050564c5b43,bd3753bb-a688-4a37-b033-df3a54d2ae58,2024-01-01 00:00:00,1,,7eae20a3-d233-11f0-8ce9-0050564c5b43
923d039e-12f7-11f0-9250-0050564c5b43,30637292-12f1-11f0-9250-0050564c5b43,5cdm3489-cccc-1111-2222-345678901234,2024-01-01 00:00:00,1,,7eae20a3-d233-11f0-8ce9-0050564c5b43
924cea70-12f7-11f0-9250-0050564c5b43,30637292-12f1-11f0-9250-0050564c5b43,3d3cac78-13af-4a2e-84c1-dc2e6a83eeee,2024-01-01 00:00:00,1,,7eae20a3-d233-11f0-8ce9-0050564c5b43
925b8509-12f7-11f0-9250-0050564c5b43,30637292-12f1-11f0-9250-0050564c5b43,23tk0156-3333-8888-9999-012345678901,2024-01-01 00:00:00,1,,7eae20a3-d233-11f0-8ce9-0050564c5b43
926ad051-12f7-11f0-9250-0050564c5b43,30637292-12f1-11f0-9250-0050564c5b43,63a16d7d-db4f-4e2c-977d-3c384b92b6fa,2024-01-01 00:00:00,1,,7eae20a3-d233-11f0-8ce9-0050564c5b43
92796339-12f7-11f0-9250-0050564c5b43,30637292-12f1-11f0-9250-0050564c5b43,73d3950b-3c82-4f5c-bafc-8e41efcd1166,2024-01-01 00:00:00,1,,7eae20a3-d233-11f0-8ce9-0050564c5b43
92901337-12f7-11f0-9250-0050564c5b43,30637292-12f1-11f0-9250-0050564c5b43,b53adffe-4975-45ff-a03e-f68e19d03187,2024-01-01 00:00:00,1,,7eae20a3-d233-11f0-8ce9-0050564c5b43
929eb3b7-12f7-11f0-9250-0050564c5b43,30637292-12f1-11f0-9250-0050564c5b43,182293a4-8888-bbbb-ffff-890123456712,2024-01-01 00:00:00,1,,7eae20a3-d233-11f0-8ce9-0050564c5b43
92ad5e43-12f7-11f0-9250-0050564c5b43,30637292-12f1-11f0-9250-0050564c5b43,2adce8e9-3ee3-4303-b4aa-23dfb53e4af8,2024-01-01 00:00:00,1,,7eae20a3-d233-11f0-8ce9-0050564c5b43
92bc0221-12f7-11f0-9250-0050564c5b43,30637292-12f1-11f0-9250-0050564c5b43,89zq6712-9999-eeee-5555-678901234567,2024-01-01 00:00:00,1,,7eae20a3-d233-11f0-8ce9-0050564c5b43
92ca9ad7-12f7-11f0-9250-0050564c5b43,30637292-12f1-11f0-9250-0050564c5b43,280e80b1-ab02-4039-8546-7b9cca408a3f,2024-01-01 00:00:00,1,,7eae20a3-d233-11f0-8ce9-0050564c5b43
92d94a94-12f7-11f0-9250-0050564c5b43,30637292-12f1-11f0-9250-0050564c5b43,4b55c6d7-bbbb-eeee-2222-123456789045,2024-01-01 00:00:00,1,,7eae20a3-d233-11f0-8ce9-0050564c5b43
92e7e4e7-12f7-11f0-9250-0050564c5b43,30637292-12f1-11f0-9250-0050564c5b43,98cd9bd6-09bf-4e64-915a-96063271b437,2024-01-01 00:00:00,1,,7eae20a3-d233-11f0-8ce9-0050564c5b43
92f68df8-12f7-11f0-9250-0050564c5b43,30637292-12f1-11f0-9250-0050564c5b43,b23cd34e-2222-5555-9999-8901234567bc,2024-01-01 00:00:00,1,,7eae20a3-d233-11f0-8ce9-0050564c5b43
930dc07f-12f7-11f0-9250-0050564c5b43,3063750b-12f1-11f0-9250-0050564c5b43,07118293-7777-aaaa-eeee-789012345601,2024-01-01 00:00:00,1,,7eae20a3-d233-11f0-8ce9-0050564c5b43
931c7bec-12f7-11f0-9250-0050564c5b43,3063750b-12f1-11f0-9250-0050564c5b43,a12bc23d-1111-4444-8888-7890123456ab,2024-01-01 00:00:00,1,,7eae20a3-d233-11f0-8ce9-0050564c5b43
9329377c-12f7-11f0-9250-0050564c5b43,3063750b-12f1-11f0-9250-0050564c5b43,8f99a01b-ffff-2222-6666-567890123489,2024-01-01 00:00:00,1,,7eae20a3-d233-11f0-8ce9-0050564c5b43
9337e01b-12f7-11f0-9250-0050564c5b43,3063750b-12f1-11f0-9250-0050564c5b43,d44e5f60-4444-7777-bbbb-4567890123de,2024-01-01 00:00:00,1,,7eae20a3-d233-11f0-8ce9-0050564c5b43
934692ec-12f7-11f0-9250-0050564c5b43,3063750b-12f1-11f0-9250-0050564c5b43,34ul1267-4444-9999-0000-123456789012,2024-01-01 00:00:00,1,,7eae20a3-d233-11f0-8ce9-0050564c5b43
93553335-12f7-11f0-9250-0050564c5b43,3063750b-12f1-11f0-9250-0050564c5b43,6dced0d5-e236-41eb-bbcb-49a93c4de081,2024-01-01 00:00:00,1,,7eae20a3-d233-11f0-8ce9-0050564c5b43
9363d667-12f7-11f0-9250-0050564c5b43,3063750b-12f1-11f0-9250-0050564c5b43,56wn3489-6666-bbbb-2222-345678901234,2024-01-01 00:00:00,1,,7eae20a3-d233-11f0-8ce9-0050564c5b43
937288f4-12f7-11f0-9250-0050564c5b43,3063750b-12f1-11f0-9250-0050564c5b43,01ri8934-1111-6666-7777-890123456789,2024-01-01 00:00:00,1,,7eae20a3-d233-11f0-8ce9-0050564c5b43
9381103e-12f7-11f0-9250-0050564c5b43,3063750b-12f1-11f0-9250-0050564c5b43,6d77e8f9-dddd-0000-4444-345678901267,2024-01-01 00:00:00,1,,7eae20a3-d233-11f0-8ce9-0050564c5b43
938fc35e-12f7-11f0-9250-0050564c5b43,3063750b-12f1-11f0-9250-0050564c5b43,3a44b5c6-aaaa-dddd-1111-012345678934,2024-01-01 00:00:00,1,,7eae20a3-d233-11f0-8ce9-0050564c5b43
939e5e21-12f7-11f0-9250-0050564c5b43,3063750b-12f1-11f0-9250-0050564c5b43,6den4590-dddd-2222-3333-456789012345,2024-01-01 00:00:00,1,,7eae20a3-d233-11f0-8ce9-0050564c5b43
93abadd0-12f7-11f0-9250-0050564c5b43,3063750b-12f1-11f0-9250-0050564c5b43,8fpg6712-ffff-4444-5555-678901234567,2024-01-01 00:00:00,1,,7eae20a3-d233-11f0-8ce9-0050564c5b43
93b940b6-12f7-11f0-9250-0050564c5b43,3063750b-12f1-11f0-9250-0050564c5b43,2fc8a447-1a2e-408f-99da-b9cf17af7458,2024-01-01 00:00:00,1,,7eae20a3-d233-11f0-8ce9-0050564c5b43
93c88e5f-12f7-11f0-9250-0050564c5b43,3063750b-12f1-11f0-9250-0050564c5b43,bd3753bb-a688-4a37-b033-df3a54d2ae58,2024-01-01 00:00:00,1,,7eae20a3-d233-11f0-8ce9-0050564c5b43
93d69036-12f7-11f0-9250-0050564c5b43,3063750b-12f1-11f0-9250-0050564c5b43,5cdm3489-cccc-1111-2222-345678901234,2024-01-01 00:00:00,1,,7eae20a3-d233-11f0-8ce9-0050564c5b43
93e4b9a5-12f7-11f0-9250-0050564c5b43,3063750b-12f1-11f0-9250-0050564c5b43,3d3cac78-13af-4a2e-84c1-dc2e6a83eeee,2024-01-01 00:00:00,1,,7eae20a3-d233-11f0-8ce9-0050564c5b43
93f33a0d-12f7-11f0-9250-0050564c5b43,3063750b-12f1-11f0-9250-0050564c5b43,23tk0156-3333-8888-9999-012345678901,2024-01-01 00:00:00,1,,7eae20a3-d233-11f0-8ce9-0050564c5b43
9401e5e1-12f7-11f0-9250-0050564c5b43,3063750b-12f1-11f0-9250-0050564c5b43,63a16d7d-db4f-4e2c-977d-3c384b92b6fa,2024-01-01 00:00:00,1,,7eae20a3-d233-11f0-8ce9-0050564c5b43
940cbab4-12f7-11f0-9250-0050564c5b43,3063750b-12f1-11f0-9250-0050564c5b43,73d3950b-3c82-4f5c-bafc-8e41efcd1166,2024-01-01 00:00:00,1,,7eae20a3-d233-11f0-8ce9-0050564c5b43
9416367f-12f7-11f0-9250-0050564c5b43,3063750b-12f1-11f0-9250-0050564c5b43,b53adffe-4975-45ff-a03e-f68e19d03187,2024-01-01 00:00:00,1,,7eae20a3-d233-11f0-8ce9-0050564c5b43
94231048-12f7-11f0-9250-0050564c5b43,3063750b-12f1-11f0-9250-0050564c5b43,182293a4-8888-bbbb-ffff-890123456712,2024-01-01 00:00:00,1,,7eae20a3-d233-11f0-8ce9-0050564c5b43
9430e1bb-12f7-11f0-9250-0050564c5b43,3063750b-12f1-11f0-9250-0050564c5b43,2adce8e9-3ee3-4303-b4aa-23dfb53e4af8,2024-01-01 00:00:00,1,,7eae20a3-d233-11f0-8ce9-0050564c5b43
943fa4ab-12f7-11f0-9250-0050564c5b43,3063750b-12f1-11f0-9250-0050564c5b43,89zq6712-9999-eeee-5555-678901234567,2024-01-01 00:00:00,1,,7eae20a3-d233-11f0-8ce9-0050564c5b43
944e2447-12f7-11f0-9250-0050564c5b43,3063750b-12f1-11f0-9250-0050564c5b43,280e80b1-ab02-4039-8546-7b9cca408a3f,2024-01-01 00:00:00,1,,7eae20a3-d233-11f0-8ce9-0050564c5b43
9459d93d-12f7-11f0-9250-0050564c5b43,3063750b-12f1-11f0-9250-0050564c5b43,4b55c6d7-bbbb-eeee-2222-123456789045,2024-01-01 00:00:00,1,,7eae20a3-d233-11f0-8ce9-0050564c5b43
94686b9f-12f7-11f0-9250-0050564c5b43,3063750b-12f1-11f0-9250-0050564c5b43,98cd9bd6-09bf-4e64-915a-96063271b437,2024-01-01 00:00:00,1,,7eae20a3-d233-11f0-8ce9-0050564c5b43
9476745d-12f7-11f0-9250-0050564c5b43,3063750b-12f1-11f0-9250-0050564c5b43,b23cd34e-2222-5555-9999-8901234567bc,2024-01-01 00:00:00,1,,7eae20a3-d233-11f0-8ce9-0050564c5b43
94847461-12f7-11f0-9250-0050564c5b43,3063752d-12f1-11f0-9250-0050564c5b43,07118293-7777-aaaa-eeee-789012345601,2024-01-01 00:00:00,1,,7eae20a3-d233-11f0-8ce9-0050564c5b43
948ef9d5-12f7-11f0-9250-0050564c5b43,3063752d-12f1-11f0-9250-0050564c5b43,a12bc23d-1111-4444-8888-7890123456ab,2024-01-01 00:00:00,1,,7eae20a3-d233-11f0-8ce9-0050564c5b43
949d9717-12f7-11f0-9250-0050564c5b43,3063752d-12f1-11f0-9250-0050564c5b43,8f99a01b-ffff-2222-6666-567890123489,2024-01-01 00:00:00,1,,7eae20a3-d233-11f0-8ce9-0050564c5b43
94ac3312-12f7-11f0-9250-0050564c5b43,3063752d-12f1-11f0-9250-0050564c5b43,d44e5f60-4444-7777-bbbb-4567890123de,2024-01-01 00:00:00,1,,7eae20a3-d233-11f0-8ce9-0050564c5b43
94c99650-12f7-11f0-9250-0050564c5b43,3063752d-12f1-11f0-9250-0050564c5b43,34ul1267-4444-9999-0000-123456789012,2024-01-01 00:00:00,1,,7eae20a3-d233-11f0-8ce9-0050564c5b43
94d8bedd-12f7-11f0-9250-0050564c5b43,3063752d-12f1-11f0-9250-0050564c5b43,6dced0d5-e236-41eb-bbcb-49a93c4de081,2024-01-01 00:00:00,1,,7eae20a3-d233-11f0-8ce9-0050564c5b43
94e7652c-12f7-11f0-9250-0050564c5b43,3063752d-12f1-11f0-9250-0050564c5b43,56wn3489-6666-bbbb-2222-345678901234,2024-01-01 00:00:00,1,,7eae20a3-d233-11f0-8ce9-0050564c5b43
94f607d7-12f7-11f0-9250-0050564c5b43,3063752d-12f1-11f0-9250-0050564c5b43,01ri8934-1111-6666-7777-890123456789,2024-01-01 00:00:00,1,,7eae20a3-d233-11f0-8ce9-0050564c5b43
9504cdb7-12f7-11f0-9250-0050564c5b43,3063752d-12f1-11f0-9250-0050564c5b43,6d77e8f9-dddd-0000-4444-345678901267,2024-01-01 00:00:00,1,,7eae20a3-d233-11f0-8ce9-0050564c5b43
95135363-12f7-11f0-9250-0050564c5b43,3063752d-12f1-11f0-9250-0050564c5b43,3a44b5c6-aaaa-dddd-1111-012345678934,2024-01-01 00:00:00,1,,7eae20a3-d233-11f0-8ce9-0050564c5b43
9521fe9a-12f7-11f0-9250-0050564c5b43,3063752d-12f1-11f0-9250-0050564c5b43,3594e183-54aa-4278-b3c6-07a24bdc2697,2024-01-01 00:00:00,1,,7eae20a3-d233-11f0-8ce9-0050564c5b43
9530abf4-12f7-11f0-9250-0050564c5b43,3063752d-12f1-11f0-9250-0050564c5b43,6den4590-dddd-2222-3333-456789012345,2024-01-01 00:00:00,1,,7eae20a3-d233-11f0-8ce9-0050564c5b43
953f4f1c-12f7-11f0-9250-0050564c5b43,3063752d-12f1-11f0-9250-0050564c5b43,2fc8a447-1a2e-408f-99da-b9cf17af7458,2024-01-01 00:00:00,1,,7eae20a3-d233-11f0-8ce9-0050564c5b43
954de2e9-12f7-11f0-9250-0050564c5b43,3063752d-12f1-11f0-9250-0050564c5b43,bd3753bb-a688-4a37-b033-df3a54d2ae58,2024-01-01 00:00:00,1,,7eae20a3-d233-11f0-8ce9-0050564c5b43
955d36a7-12f7-11f0-9250-0050564c5b43,3063752d-12f1-11f0-9250-0050564c5b43,5cdm3489-cccc-1111-2222-345678901234,2024-01-01 00:00:00,1,,7eae20a3-d233-11f0-8ce9-0050564c5b43
956bdefe-12f7-11f0-9250-0050564c5b43,3063752d-12f1-11f0-9250-0050564c5b43,3d3cac78-13af-4a2e-84c1-dc2e6a83eeee,2024-01-01 00:00:00,1,,7eae20a3-d233-11f0-8ce9-0050564c5b43
957a71dd-12f7-11f0-9250-0050564c5b43,3063752d-12f1-11f0-9250-0050564c5b43,63a16d7d-db4f-4e2c-977d-3c384b92b6fa,2024-01-01 00:00:00,1,,7eae20a3-d233-11f0-8ce9-0050564c5b43
9589143c-12f7-11f0-9250-0050564c5b43,3063752d-12f1-11f0-9250-0050564c5b43,73d3950b-3c82-4f5c-bafc-8e41efcd1166,2024-01-01 00:00:00,1,,7eae20a3-d233-11f0-8ce9-0050564c5b43
95a04a05-12f7-11f0-9250-0050564c5b43,3063752d-12f1-11f0-9250-0050564c5b43,b53adffe-4975-45ff-a03e-f68e19d03187,2024-01-01 00:00:00,1,,7eae20a3-d233-11f0-8ce9-0050564c5b43
95aefb48-12f7-11f0-9250-0050564c5b43,3063752d-12f1-11f0-9250-0050564c5b43,182293a4-8888-bbbb-ffff-890123456712,2024-01-01 00:00:00,1,,7eae20a3-d233-11f0-8ce9-0050564c5b43
95c1275b-12f7-11f0-9250-0050564c5b43,3063752d-12f1-11f0-9250-0050564c5b43,2adce8e9-3ee3-4303-b4aa-23dfb53e4af8,2024-01-01 00:00:00,1,,7eae20a3-d233-11f0-8ce9-0050564c5b43
95cfef5c-12f7-11f0-9250-0050564c5b43,3063752d-12f1-11f0-9250-0050564c5b43,280e80b1-ab02-4039-8546-7b9cca408a3f,2024-01-01 00:00:00,1,,7eae20a3-d233-11f0-8ce9-0050564c5b43
95de8f53-12f7-11f0-9250-0050564c5b43,3063752d-12f1-11f0-9250-0050564c5b43,4b55c6d7-bbbb-eeee-2222-123456789045,2024-01-01 00:00:00,1,,7eae20a3-d233-11f0-8ce9-0050564c5b43
95f83083-9a1d-11f0-818f-0050564c5b43,3063752d-12f1-11f0-9250-0050564c5b43,a11b2c3d-1111-4444-8888-1234567890ab,2025-09-25 14:40:30,1,,7eae20a3-d233-11f0-8ce9-0050564c5b43
95fbe5c2-12f7-11f0-9250-0050564c5b43,3063752d-12f1-11f0-9250-0050564c5b43,98cd9bd6-09bf-4e64-915a-96063271b437,2024-01-01 00:00:00,1,,7eae20a3-d233-11f0-8ce9-0050564c5b43
960a9796-12f7-11f0-9250-0050564c5b43,3063752d-12f1-11f0-9250-0050564c5b43,b23cd34e-2222-5555-9999-8901234567bc,2024-01-01 00:00:00,1,,7eae20a3-d233-11f0-8ce9-0050564c5b43
96192dd9-12f7-11f0-9250-0050564c5b43,30637587-12f1-11f0-9250-0050564c5b43,5c66d7e8-cccc-ffff-3333-234567890156,2024-01-01 00:00:00,1,,7eae20a3-d233-11f0-8ce9-0050564c5b43
9627e66e-12f7-11f0-9250-0050564c5b43,30637587-12f1-11f0-9250-0050564c5b43,07118293-7777-aaaa-eeee-789012345601,2024-01-01 00:00:00,1,,7eae20a3-d233-11f0-8ce9-0050564c5b43
9634c808-12f7-11f0-9250-0050564c5b43,30637587-12f1-11f0-9250-0050564c5b43,a12bc23d-1111-4444-8888-7890123456ab,2024-01-01 00:00:00,1,,7eae20a3-d233-11f0-8ce9-0050564c5b43
9642bf9b-12f7-11f0-9250-0050564c5b43,30637587-12f1-11f0-9250-0050564c5b43,8f99a01b-ffff-2222-6666-567890123489,2024-01-01 00:00:00,1,,7eae20a3-d233-11f0-8ce9-0050564c5b43
965150d0-12f7-11f0-9250-0050564c5b43,30637587-12f1-11f0-9250-0050564c5b43,d44e5f60-4444-7777-bbbb-4567890123de,2024-01-01 00:00:00,1,,7eae20a3-d233-11f0-8ce9-0050564c5b43
966005ff-12f7-11f0-9250-0050564c5b43,30637587-12f1-11f0-9250-0050564c5b43,34ul1267-4444-9999-0000-123456789012,2024-01-01 00:00:00,1,,7eae20a3-d233-11f0-8ce9-0050564c5b43
966ea880-12f7-11f0-9250-0050564c5b43,30637587-12f1-11f0-9250-0050564c5b43,6dced0d5-e236-41eb-bbcb-49a93c4de081,2024-01-01 00:00:00,1,,7eae20a3-d233-11f0-8ce9-0050564c5b43
967dcdd9-12f7-11f0-9250-0050564c5b43,30637587-12f1-11f0-9250-0050564c5b43,56wn3489-6666-bbbb-2222-345678901234,2024-01-01 00:00:00,1,,7eae20a3-d233-11f0-8ce9-0050564c5b43
968c7cea-12f7-11f0-9250-0050564c5b43,30637587-12f1-11f0-9250-0050564c5b43,01ri8934-1111-6666-7777-890123456789,2024-01-01 00:00:00,1,,7eae20a3-d233-11f0-8ce9-0050564c5b43
969b3b4a-12f7-11f0-9250-0050564c5b43,30637587-12f1-11f0-9250-0050564c5b43,6d77e8f9-dddd-0000-4444-345678901267,2024-01-01 00:00:00,1,,7eae20a3-d233-11f0-8ce9-0050564c5b43
96a9cfd4-12f7-11f0-9250-0050564c5b43,30637587-12f1-11f0-9250-0050564c5b43,3a44b5c6-aaaa-dddd-1111-012345678934,2024-01-01 00:00:00,1,,7eae20a3-d233-11f0-8ce9-0050564c5b43
96b87922-12f7-11f0-9250-0050564c5b43,30637587-12f1-11f0-9250-0050564c5b43,6den4590-dddd-2222-3333-456789012345,2024-01-01 00:00:00,1,,7eae20a3-d233-11f0-8ce9-0050564c5b43
96c725ef-12f7-11f0-9250-0050564c5b43,30637587-12f1-11f0-9250-0050564c5b43,8fpg6712-ffff-4444-5555-678901234567,2024-01-01 00:00:00,1,,7eae20a3-d233-11f0-8ce9-0050564c5b43
96d5c530-12f7-11f0-9250-0050564c5b43,30637587-12f1-11f0-9250-0050564c5b43,2fc8a447-1a2e-408f-99da-b9cf17af7458,2024-01-01 00:00:00,1,,7eae20a3-d233-11f0-8ce9-0050564c5b43
96e4887d-12f7-11f0-9250-0050564c5b43,30637587-12f1-11f0-9250-0050564c5b43,bd3753bb-a688-4a37-b033-df3a54d2ae58,2024-01-01 00:00:00,1,,7eae20a3-d233-11f0-8ce9-0050564c5b43
96f3132d-12f7-11f0-9250-0050564c5b43,30637587-12f1-11f0-9250-0050564c5b43,5cdm3489-cccc-1111-2222-345678901234,2024-01-01 00:00:00,1,,7eae20a3-d233-11f0-8ce9-0050564c5b43
9701bbd8-12f7-11f0-9250-0050564c5b43,30637587-12f1-11f0-9250-0050564c5b43,3d3cac78-13af-4a2e-84c1-dc2e6a83eeee,2024-01-01 00:00:00,1,,7eae20a3-d233-11f0-8ce9-0050564c5b43
971067b9-12f7-11f0-9250-0050564c5b43,30637587-12f1-11f0-9250-0050564c5b43,63a16d7d-db4f-4e2c-977d-3c384b92b6fa,2024-01-01 00:00:00,1,,7eae20a3-d233-11f0-8ce9-0050564c5b43
971f0d0a-12f7-11f0-9250-0050564c5b43,30637587-12f1-11f0-9250-0050564c5b43,73d3950b-3c82-4f5c-bafc-8e41efcd1166,2024-01-01 00:00:00,1,,7eae20a3-d233-11f0-8ce9-0050564c5b43
972db87d-12f7-11f0-9250-0050564c5b43,30637587-12f1-11f0-9250-0050564c5b43,b53adffe-4975-45ff-a03e-f68e19d03187,2024-01-01 00:00:00,1,,7eae20a3-d233-11f0-8ce9-0050564c5b43
973ce221-12f7-11f0-9250-0050564c5b43,30637587-12f1-11f0-9250-0050564c5b43,2adce8e9-3ee3-4303-b4aa-23dfb53e4af8,2024-01-01 00:00:00,1,,7eae20a3-d233-11f0-8ce9-0050564c5b43
974ba00b-12f7-11f0-9250-0050564c5b43,30637587-12f1-11f0-9250-0050564c5b43,280e80b1-ab02-4039-8546-7b9cca408a3f,2024-01-01 00:00:00,1,,7eae20a3-d233-11f0-8ce9-0050564c5b43
975a8bca-12f7-11f0-9250-0050564c5b43,30637587-12f1-11f0-9250-0050564c5b43,4b55c6d7-bbbb-eeee-2222-123456789045,2024-01-01 00:00:00,1,,7eae20a3-d233-11f0-8ce9-0050564c5b43
976988a0-12f7-11f0-9250-0050564c5b43,30637587-12f1-11f0-9250-0050564c5b43,98cd9bd6-09bf-4e64-915a-96063271b437,2024-01-01 00:00:00,1,,7eae20a3-d233-11f0-8ce9-0050564c5b43
97783f78-12f7-11f0-9250-0050564c5b43,30637587-12f1-11f0-9250-0050564c5b43,b23cd34e-2222-5555-9999-8901234567bc,2024-01-01 00:00:00,1,,7eae20a3-d233-11f0-8ce9-0050564c5b43
9786cb57-12f7-11f0-9250-0050564c5b43,306375dc-12f1-11f0-9250-0050564c5b43,5c66d7e8-cccc-ffff-3333-234567890156,2024-01-01 00:00:00,1,,7eae20a3-d233-11f0-8ce9-0050564c5b43
97956ce4-12f7-11f0-9250-0050564c5b43,306375dc-12f1-11f0-9250-0050564c5b43,07118293-7777-aaaa-eeee-789012345601,2024-01-01 00:00:00,1,,7eae20a3-d233-11f0-8ce9-0050564c5b43
97a4b0b6-12f7-11f0-9250-0050564c5b43,306375dc-12f1-11f0-9250-0050564c5b43,a12bc23d-1111-4444-8888-7890123456ab,2024-01-01 00:00:00,1,,7eae20a3-d233-11f0-8ce9-0050564c5b43
97b3637e-12f7-11f0-9250-0050564c5b43,306375dc-12f1-11f0-9250-0050564c5b43,8f99a01b-ffff-2222-6666-567890123489,2024-01-01 00:00:00,1,,7eae20a3-d233-11f0-8ce9-0050564c5b43
97c1f9fe-12f7-11f0-9250-0050564c5b43,306375dc-12f1-11f0-9250-0050564c5b43,d44e5f60-4444-7777-bbbb-4567890123de,2024-01-01 00:00:00,1,,7eae20a3-d233-11f0-8ce9-0050564c5b43
97d0a2db-12f7-11f0-9250-0050564c5b43,306375dc-12f1-11f0-9250-0050564c5b43,34ul1267-4444-9999-0000-123456789012,2024-01-01 00:00:00,1,,7eae20a3-d233-11f0-8ce9-0050564c5b43
97de67b5-12f7-11f0-9250-0050564c5b43,306375dc-12f1-11f0-9250-0050564c5b43,96152a83-104d-4e4f-80c3-02c5cb671da5,2024-01-01 00:00:00,1,,7eae20a3-d233-11f0-8ce9-0050564c5b43
97ed91ca-12f7-11f0-9250-0050564c5b43,306375dc-12f1-11f0-9250-0050564c5b43,c65b3343-e4f0-43e1-8575-1c38e5549386,2024-01-01 00:00:00,1,,7eae20a3-d233-11f0-8ce9-0050564c5b43
97fc8628-12f7-11f0-9250-0050564c5b43,306375dc-12f1-11f0-9250-0050564c5b43,56wn3489-6666-bbbb-2222-345678901234,2024-01-01 00:00:00,1,,7eae20a3-d233-11f0-8ce9-0050564c5b43
980b4711-12f7-11f0-9250-0050564c5b43,306375dc-12f1-11f0-9250-0050564c5b43,ca3a6c54-fb42-4be7-a39e-906b274c91ad,2024-01-01 00:00:00,1,,7eae20a3-d233-11f0-8ce9-0050564c5b43
9819e6ba-12f7-11f0-9250-0050564c5b43,306375dc-12f1-11f0-9250-0050564c5b43,3a44b5c6-aaaa-dddd-1111-012345678934,2024-01-01 00:00:00,1,,7eae20a3-d233-11f0-8ce9-0050564c5b43
982882eb-12f7-11f0-9250-0050564c5b43,306375dc-12f1-11f0-9250-0050564c5b43,3594e183-54aa-4278-b3c6-07a24bdc2697,2024-01-01 00:00:00,1,,7eae20a3-d233-11f0-8ce9-0050564c5b43
98373b56-12f7-11f0-9250-0050564c5b43,306375dc-12f1-11f0-9250-0050564c5b43,8fpg6712-ffff-4444-5555-678901234567,2024-01-01 00:00:00,1,,7eae20a3-d233-11f0-8ce9-0050564c5b43
984615d4-12f7-11f0-9250-0050564c5b43,306375dc-12f1-11f0-9250-0050564c5b43,2fc8a447-1a2e-408f-99da-b9cf17af7458,2024-01-01 00:00:00,1,,7eae20a3-d233-11f0-8ce9-0050564c5b43
9863c645-12f7-11f0-9250-0050564c5b43,306375dc-12f1-11f0-9250-0050564c5b43,bd3753bb-a688-4a37-b033-df3a54d2ae58,2024-01-01 00:00:00,1,,7eae20a3-d233-11f0-8ce9-0050564c5b43
9872621d-12f7-11f0-9250-0050564c5b43,306375dc-12f1-11f0-9250-0050564c5b43,5cdm3489-cccc-1111-2222-345678901234,2024-01-01 00:00:00,1,,7eae20a3-d233-11f0-8ce9-0050564c5b43
9881536c-12f7-11f0-9250-0050564c5b43,306375dc-12f1-11f0-9250-0050564c5b43,3d3cac78-13af-4a2e-84c1-dc2e6a83eeee,2024-01-01 00:00:00,1,,7eae20a3-d233-11f0-8ce9-0050564c5b43
989053d7-12f7-11f0-9250-0050564c5b43,306375dc-12f1-11f0-9250-0050564c5b43,23tk0156-3333-8888-9999-012345678901,2024-01-01 00:00:00,1,,7eae20a3-d233-11f0-8ce9-0050564c5b43
989eed64-12f7-11f0-9250-0050564c5b43,306375dc-12f1-11f0-9250-0050564c5b43,63a16d7d-db4f-4e2c-977d-3c384b92b6fa,2024-01-01 00:00:00,1,,7eae20a3-d233-11f0-8ce9-0050564c5b43
98ada289-12f7-11f0-9250-0050564c5b43,306375dc-12f1-11f0-9250-0050564c5b43,73d3950b-3c82-4f5c-bafc-8e41efcd1166,2024-01-01 00:00:00,1,,7eae20a3-d233-11f0-8ce9-0050564c5b43
98c4c9dc-12f7-11f0-9250-0050564c5b43,306375dc-12f1-11f0-9250-0050564c5b43,b53adffe-4975-45ff-a03e-f68e19d03187,2024-01-01 00:00:00,1,,7eae20a3-d233-11f0-8ce9-0050564c5b43
98d370c1-12f7-11f0-9250-0050564c5b43,306375dc-12f1-11f0-9250-0050564c5b43,182293a4-8888-bbbb-ffff-890123456712,2024-01-01 00:00:00,1,,7eae20a3-d233-11f0-8ce9-0050564c5b43
98e213bf-12f7-11f0-9250-0050564c5b43,306375dc-12f1-11f0-9250-0050564c5b43,2adce8e9-3ee3-4303-b4aa-23dfb53e4af8,2024-01-01 00:00:00,1,,7eae20a3-d233-11f0-8ce9-0050564c5b43
98efa519-12f7-11f0-9250-0050564c5b43,306375dc-12f1-11f0-9250-0050564c5b43,89zq6712-9999-eeee-5555-678901234567,2024-01-01 00:00:00,1,,7eae20a3-d233-11f0-8ce9-0050564c5b43
98fe6121-12f7-11f0-9250-0050564c5b43,306375dc-12f1-11f0-9250-0050564c5b43,280e80b1-ab02-4039-8546-7b9cca408a3f,2024-01-01 00:00:00,1,,7eae20a3-d233-11f0-8ce9-0050564c5b43
990e05de-12f7-11f0-9250-0050564c5b43,306375dc-12f1-11f0-9250-0050564c5b43,b69e29c0-aa98-46b9-9c61-9556cefc17d3,2024-01-01 00:00:00,1,,7eae20a3-d233-11f0-8ce9-0050564c5b43
991c9e28-12f7-11f0-9250-0050564c5b43,306375dc-12f1-11f0-9250-0050564c5b43,90qh7823-0000-5555-6666-789012345678,2024-01-01 00:00:00,1,,7eae20a3-d233-11f0-8ce9-0050564c5b43
992b5061-12f7-11f0-9250-0050564c5b43,306375dc-12f1-11f0-9250-0050564c5b43,98cd9bd6-09bf-4e64-915a-96063271b437,2024-01-01 00:00:00,1,,7eae20a3-d233-11f0-8ce9-0050564c5b43
993126fb-13ad-11f0-9250-0050564c5b43,30636bb0-12f1-11f0-9250-0050564c5b43,4bcl2378-bbbb-0000-1111-234567890123,2025-04-07 12:41:16,1,,7eae20a3-d233-11f0-8ce9-0050564c5b43
9939fc2c-12f7-11f0-9250-0050564c5b43,306375dc-12f1-11f0-9250-0050564c5b43,b23cd34e-2222-5555-9999-8901234567bc,2024-01-01 00:00:00,1,,7eae20a3-d233-11f0-8ce9-0050564c5b43
99493f33-12f7-11f0-9250-0050564c5b43,3063762f-12f1-11f0-9250-0050564c5b43,23tk0156-3333-8888-9999-012345678901,2024-01-01 00:00:00,1,,7eae20a3-d233-11f0-8ce9-0050564c5b43
9957e018-12f7-11f0-9250-0050564c5b43,3063762f-12f1-11f0-9250-0050564c5b43,89zq6712-9999-eeee-5555-678901234567,2024-01-01 00:00:00,1,,7eae20a3-d233-11f0-8ce9-0050564c5b43
9e2aa9c1-a872-11f0-be7f-0050564c5b43,30637292-12f1-11f0-9250-0050564c5b43,3d3cac78-13af-4a2e-84c1-dc2e6a83eeee,2025-10-13 20:24:27,0,,7eae20a3-d233-11f0-8ce9-0050564c5b43
a0fc0716-13ad-11f0-9250-0050564c5b43,30637292-12f1-11f0-9250-0050564c5b43,4bcl2378-bbbb-0000-1111-234567890123,2025-04-07 12:41:29,1,,7eae20a3-d233-11f0-8ce9-0050564c5b43
ad224a39-a353-11f0-818f-0050564c5b43,30636bb0-12f1-11f0-9250-0050564c5b43,d45ef560-4444-7777-bbbb-0123456789de,2025-10-07 08:00:23,1,,7eae20a3-d233-11f0-8ce9-0050564c5b43
aefbccf1-9473-11f0-879b-0050564c5b43,306375dc-12f1-11f0-9250-0050564c5b43,6d77e8f9-dddd-0000-4444-345678901267,2025-09-18 09:41:42,1,,7eae20a3-d233-11f0-8ce9-0050564c5b43
b1583714-13ad-11f0-9250-0050564c5b43,3063752d-12f1-11f0-9250-0050564c5b43,4bcl2378-bbbb-0000-1111-234567890123,2025-04-07 12:41:57,1,,7eae20a3-d233-11f0-8ce9-0050564c5b43
b1d45d5c-9473-11f0-879b-0050564c5b43,30636bb0-12f1-11f0-9250-0050564c5b43,6d77e8f9-dddd-0000-4444-345678901267,2025-09-18 09:41:47,1,,7eae20a3-d233-11f0-8ce9-0050564c5b43
b1fb78ec-a353-11f0-818f-0050564c5b43,30636bb0-12f1-11f0-9250-0050564c5b43,d45ef560-4444-7777-bbbb-0123456789de,2025-10-07 08:00:31,0,,7eae20a3-d233-11f0-8ce9-0050564c5b43
b323f86e-a356-11f0-818f-0050564c5b43,30636bb0-12f1-11f0-9250-0050564c5b43,11d515ba-efb4-472a-89d6-820b234f0f6a,2025-10-07 08:22:01,1,2025-10-07,7eae20a3-d233-11f0-8ce9-0050564c5b43
b3e00df8-a35c-11f0-818f-0050564c5b43,30636bb0-12f1-11f0-9250-0050564c5b43,11d515ba-efb4-472a-89d6-820b234f0f6a,2025-10-07 09:04:59,1,2025-10-15,7eae20a3-d233-11f0-8ce9-0050564c5b43
b572b440-9a1c-11f0-818f-0050564c5b43,3063752d-12f1-11f0-9250-0050564c5b43,90qh7823-0000-5555-6666-789012345678,2025-09-25 14:34:14,1,,7eae20a3-d233-11f0-8ce9-0050564c5b43
b7fa270e-a356-11f0-818f-0050564c5b43,30636bb0-12f1-11f0-9250-0050564c5b43,11d515ba-efb4-472a-89d6-820b234f0f6a,2025-10-07 08:22:09,1,2025-10-23,7eae20a3-d233-11f0-8ce9-0050564c5b43
b89283a0-a35b-11f0-818f-0050564c5b43,30636bb0-12f1-11f0-9250-0050564c5b43,11d515ba-efb4-472a-89d6-820b234f0f6a,2025-10-07 08:57:58,1,2025-10-15,7eae20a3-d233-11f0-8ce9-0050564c5b43
c11a3679-926b-11f0-93be-0050564c5b43,30637292-12f1-11f0-9250-0050564c5b43,3d3cac78-13af-4a2e-84c1-dc2e6a83eeee,2025-09-15 19:39:54,1,,7eae20a3-d233-11f0-8ce9-0050564c5b43
c405b593-926b-11f0-93be-0050564c5b43,30637292-12f1-11f0-9250-0050564c5b43,3d3cac78-13af-4a2e-84c1-dc2e6a83eeee,2025-09-15 19:39:59,0,,7eae20a3-d233-11f0-8ce9-0050564c5b43
c4901a2f-6320-11f1-86d3-9ad13fc0cac9,30636bb0-12f1-11f0-9250-0050564c5b43,07a2a530-c201-4c04-b9e7-8278676ea632,2026-06-08 09:59:41,1,,7eae20a3-d233-11f0-8ce9-0050564c5b43
c490e087-6320-11f1-86d3-9ad13fc0cac9,30636bb0-12f1-11f0-9250-0050564c5b43,ae9b72da-bcd3-40f7-ac31-19f8b168c0b5,2026-06-08 09:59:41,1,,7eae20a3-d233-11f0-8ce9-0050564c5b43
c490e1a5-6320-11f1-86d3-9ad13fc0cac9,30636bb0-12f1-11f0-9250-0050564c5b43,e85dcc7f-963b-4c98-ae93-1930b01c6ced,2026-06-08 09:59:41,1,,7eae20a3-d233-11f0-8ce9-0050564c5b43
c490e209-6320-11f1-86d3-9ad13fc0cac9,30636bb0-12f1-11f0-9250-0050564c5b43,4af598ee-8160-4107-b568-68ff7f84f990,2026-06-08 09:59:41,1,,7eae20a3-d233-11f0-8ce9-0050564c5b43
c490e264-6320-11f1-86d3-9ad13fc0cac9,30636bb0-12f1-11f0-9250-0050564c5b43,8e9150db-cb95-4ba2-8ed2-efb27fb4e8b1,2026-06-08 09:59:41,1,,7eae20a3-d233-11f0-8ce9-0050564c5b43
cb3faf94-926b-11f0-93be-0050564c5b43,30636bb0-12f1-11f0-9250-0050564c5b43,3d3cac78-13af-4a2e-84c1-dc2e6a83eeee,2025-09-15 19:40:11,1,2025-09-16,7eae20a3-d233-11f0-8ce9-0050564c5b43
cea52684-9a1a-11f0-818f-0050564c5b43,30637587-12f1-11f0-9250-0050564c5b43,4bcl2378-bbbb-0000-1111-234567890123,2025-09-25 14:20:37,1,,7eae20a3-d233-11f0-8ce9-0050564c5b43
cf3d7ef6-a35b-11f0-818f-0050564c5b43,30636bb0-12f1-11f0-9250-0050564c5b43,11d515ba-efb4-472a-89d6-820b234f0f6a,2025-10-07 08:58:36,1,2025-10-15,7eae20a3-d233-11f0-8ce9-0050564c5b43
d3504881-926b-11f0-93be-0050564c5b43,30636bb0-12f1-11f0-9250-0050564c5b43,3d3cac78-13af-4a2e-84c1-dc2e6a83eeee,2025-09-15 19:40:25,1,,7eae20a3-d233-11f0-8ce9-0050564c5b43
d38b5cc4-a34f-11f0-818f-0050564c5b43,306375dc-12f1-11f0-9250-0050564c5b43,11d515ba-efb4-472a-89d6-820b234f0f6a,2025-10-07 07:32:49,1,,7eae20a3-d233-11f0-8ce9-0050564c5b43
d448caa2-a35c-11f0-818f-0050564c5b43,30636bb0-12f1-11f0-9250-0050564c5b43,11d515ba-efb4-472a-89d6-820b234f0f6a,2025-10-07 09:05:54,1,2025-10-21,7eae20a3-d233-11f0-8ce9-0050564c5b43
d513b4f9-a35d-11f0-818f-0050564c5b43,30636bb0-12f1-11f0-9250-0050564c5b43,11d515ba-efb4-472a-89d6-820b234f0f6a,2025-10-07 09:13:04,1,2025-10-08,7eae20a3-d233-11f0-8ce9-0050564c5b43
d55ff3b7-a356-11f0-818f-0050564c5b43,30636bb0-12f1-11f0-9250-0050564c5b43,11d515ba-efb4-472a-89d6-820b234f0f6a,2025-10-07 08:22:59,1,2025-10-16,7eae20a3-d233-11f0-8ce9-0050564c5b43
dca05b3c-a34e-11f0-818f-0050564c5b43,306375dc-12f1-11f0-9250-0050564c5b43,11d515ba-efb4-472a-89d6-820b234f0f6a,2025-10-07 07:25:55,1,,7eae20a3-d233-11f0-8ce9-0050564c5b43
de7b66d9-a34e-11f0-818f-0050564c5b43,306375dc-12f1-11f0-9250-0050564c5b43,11d515ba-efb4-472a-89d6-820b234f0f6a,2025-10-07 07:25:58,0,,7eae20a3-d233-11f0-8ce9-0050564c5b43
e60891cd-a34e-11f0-818f-0050564c5b43,306375dc-12f1-11f0-9250-0050564c5b43,11d515ba-efb4-472a-89d6-820b234f0f6a,2025-10-07 07:26:10,1,,7eae20a3-d233-11f0-8ce9-0050564c5b43
e95efb0f-a34e-11f0-818f-0050564c5b43,306375dc-12f1-11f0-9250-0050564c5b43,11d515ba-efb4-472a-89d6-820b234f0f6a,2025-10-07 07:26:16,0,,7eae20a3-d233-11f0-8ce9-0050564c5b43
ec079235-a355-11f0-818f-0050564c5b43,30636bb0-12f1-11f0-9250-0050564c5b43,11d515ba-efb4-472a-89d6-820b234f0f6a,2025-10-07 08:16:27,1,2025-10-15,7eae20a3-d233-11f0-8ce9-0050564c5b43
f11863df-a355-11f0-818f-0050564c5b43,30636bb0-12f1-11f0-9250-0050564c5b43,11d515ba-efb4-472a-89d6-820b234f0f6a,2025-10-07 08:16:36,1,2025-10-07,7eae20a3-d233-11f0-8ce9-0050564c5b43
f157d0cb-a35b-11f0-818f-0050564c5b43,30636bb0-12f1-11f0-9250-0050564c5b43,11d515ba-efb4-472a-89d6-820b234f0f6a,2025-10-07 08:59:33,1,2025-10-23,7eae20a3-d233-11f0-8ce9-0050564c5b43
f529a36b-a355-11f0-818f-0050564c5b43,30636bb0-12f1-11f0-9250-0050564c5b43,11d515ba-efb4-472a-89d6-820b234f0f6a,2025-10-07 08:16:42,1,2025-10-13,7eae20a3-d233-11f0-8ce9-0050564c5b43
f73dde14-148e-11f1-9c6b-0050564c5b43,306375dc-12f1-11f0-9250-0050564c5b43,4b55c6d7-bbbb-eeee-2222-123456789045,2026-02-28 10:19:28,1,,7eae20a3-d233-11f0-8ce9-0050564c5b43
f8731fe5-9466-11f0-879b-0050564c5b43,3063752d-12f1-11f0-9250-0050564c5b43,3d3cac78-13af-4a2e-84c1-dc2e6a83eeee,2025-09-18 08:10:42,0,,7eae20a3-d233-11f0-8ce9-0050564c5b43
ffff7a7a-148e-11f1-9c6b-0050564c5b43,30636bb0-12f1-11f0-9250-0050564c5b43,4b55c6d7-bbbb-eeee-2222-123456789045,2026-02-28 10:19:43,1,,7eae20a3-d233-11f0-8ce9-0050564c5b43
